{
  "n_train": 29721,
  "n_test": 1982,
  "accuracy": 0.6261352169525731,
  "weighted_f1": 0.6816662234375448,
  "macro_f1": 0.5303736547097031
}