{
  "n_train": 29721,
  "n_test": 1982,
  "accuracy": 0.6387487386478304,
  "weighted_f1": 0.6920569491511235,
  "macro_f1": 0.5400855587243972
}