{
  "engine": "VectorizedSEPABacktest (fast)",
  "n_permutations": 200,
  "elapsed_minutes": 3.35,
  "observed_metrics": {
    "sharpe_ratio": -0.12830508942840174,
    "n_trades": 1123,
    "total_return": -180.18642343082877
  },
  "result": {
    "observed_metric": -0.12830508942840174,
    "metric_key": "sharpe_ratio",
    "null_median": 0.4190168661689537,
    "null_min": -0.7721844952327918,
    "null_max": 1.100728103400231,
    "null_distribution": [
      -0.10009070698233521,
      -0.01240607010503931,
      0.7170817625786507,
      0.6211140183637095,
      0.36051387704710736,
      0.11031676593151757,
      0.6220860476893563,
      0.29302584520084396,
      0.27131919882567673,
      0.3292743198162425,
      0.5222421776777009,
      0.6227544905298282,
      0.6501196103531736,
      0.1748741825839669,
      0.6136783829357471,
      0.05259244650193331,
      0.5395027099199708,
      -0.13492164772087928,
      0.4010940454807233,
      0.06358133276572896,
      -0.21526912749881702,
      0.557383102705059,
      0.2326122571284147,
      0.38834001287827197,
      0.26203474322712983,
      0.26306963619947754,
      0.5378627688859327,
      0.021100630010370647,
      0.5221837744166101,
      0.6362151898157528,
      -0.12895318505602568,
      0.6116469105166035,
      0.5604323346176586,
      0.468059057911654,
      0.7619384660134098,
      0.7576708310645169,
      0.5699944883936575,
      -0.3026859162757346,
      0.024773676488138212,
      0.3224232146269854,
      0.18992399467896015,
      0.4311296403058161,
      0.500058935304212,
      0.928368701867363,
      0.5480349809119008,
      0.6456891166200439,
      0.6897945236996519,
      0.329522833687946,
      0.31229524165179906,
      0.059727287169706024,
      0.676759528459564,
      0.10816387032964496,
      0.48420695077528836,
      0.5181673156534007,
      0.3195907100006032,
      0.24481348801567432,
      0.6424659550219244,
      0.5971125813889567,
      -0.03007910591557775,
      0.7487364363548757,
      -0.24677643205022778,
      0.6123162687391852,
      0.11526451796547607,
      0.23832024612054284,
      -0.03444878347656876,
      0.32843116927531907,
      -0.07496495165213803,
      0.1951499330582086,
      0.8787398412798142,
      -0.032886378872047616,
      0.5100435125003541,
      0.6552262750344957,
      0.3365994185482602,
      0.46790795271743624,
      0.40413388894796654,
      0.7240277707550924,
      0.5813489229231129,
      -0.3188122394090406,
      0.01734093817862226,
      0.7569986655088086,
      -0.22056277987533807,
      0.3899131584330829,
      0.6442569065109073,
      0.6902373791306841,
      0.05619735158100653,
      0.49248372294645787,
      0.6525132526958708,
      -0.027089730423797045,
      0.5377129820627152,
      0.5252090995913188,
      0.6520391279241518,
      0.34883677358905146,
      0.41522005834761994,
      0.9072892162118328,
      0.2791681734595584,
      0.5571280487564587,
      0.4626542553109456,
      0.06609581556175946,
      0.14704785567205642,
      0.6510039045659313,
      0.6244989123724884,
      0.4507677483086246,
      0.6340333255533864,
      0.19432432894347726,
      0.42647622167325633,
      0.07250119771691389,
      0.5929287313002075,
      0.29065299143853623,
      0.6211717261665449,
      0.02818248738769153,
      0.3901760398420866,
      0.044948567279186974,
      0.28956029574526754,
      0.47293574573965963,
      0.6382742974214318,
      0.5345928443547852,
      0.516707296875383,
      -0.1994066645693156,
      -0.044722934928269245,
      0.20598597965266643,
      -0.7721844952327918,
      0.03697633863702793,
      0.5453713670250979,
      0.6067037324137768,
      0.5245897352321452,
      0.4233999924946499,
      0.0849756795035802,
      0.3716193028604207,
      0.4690471758236047,
      0.7805065250523053,
      0.6004052645157031,
      0.33505857250463456,
      0.3636805520146341,
      0.05402212233339288,
      0.2657283166944037,
      0.6822072702807436,
      0.6817335890849533,
      0.31250424558430856,
      0.4428580762430648,
      0.5533422155539929,
      0.699662806158037,
      0.648176865091547,
      0.794254028635901,
      0.4766715718147045,
      0.3975665391548851,
      0.036008767624243605,
      0.29380575419689003,
      -0.24411514482835397,
      -0.40526720262529303,
      0.37110566862507804,
      -0.08987012234101724,
      0.5524772283376294,
      0.2776471885145427,
      0.21067039231570528,
      0.4577117826739564,
      -0.046218364348888055,
      0.5205114585027415,
      0.46402068985832223,
      1.100728103400231,
      0.3131672871056236,
      0.7220088974776535,
      0.44668117951749686,
      0.2323939370363856,
      0.23766247635606344,
      0.13914154352613847,
      0.22894613627575444,
      -0.11214317464764588,
      0.4874784793116319,
      0.07451354288298669,
      0.4409254620504833,
      -0.4954870979999856,
      0.680477767921316,
      0.048896852941735576,
      0.16247178131804998,
      0.26155817286403155,
      0.8421838775507963,
      0.3955758838276398,
      1.0519319988073288,
      0.4228136739902876,
      0.6656404098360652,
      0.6280697141516343,
      0.6419384541173172,
      0.14227899448601503,
      0.5655882413057416,
      -0.10455774354604078,
      0.30324522197436854,
      0.6266743480452666,
      0.19444368356090327,
      0.3940680067599754,
      0.4509040334603619,
      0.18587503470844305,
      0.87784389108312,
      0.3994403151998516,
      0.5015266407210034,
      0.5819710683389406,
      0.5695693601385736,
      0.5863066400514642,
      -0.22858803332919259,
      0.48152030362042253,
      0.6077348007705764
    ],
    "percentile": 6.5,
    "p_value": 0.935,
    "n_permutations": 200,
    "n_valid_replicates": 200,
    "gate": {
      "name": "permutation_null",
      "status": "fail",
      "value": 6.5,
      "threshold": 95.0,
      "detail": "observed=-0.1283, null_median=0.4190, p_value=0.9350, n_permutations=200, one_sided=True",
      "blocking": true
    }
  }
}