{
  "n_train": 34336,
  "n_test": 2494,
  "accuracy": 0.5821972734562951,
  "weighted_f1": 0.6265333164247437,
  "macro_f1": 0.5458004753914989
}