{
  "n_train": 34336,
  "n_test": 2494,
  "accuracy": 0.5898155573376103,
  "weighted_f1": 0.6339616716444575,
  "macro_f1": 0.5505686499260949
}