{
  "sharpe_ratio": 0.7829081848162854,
  "max_drawdown": 20.13929259209915,
  "max_drawdown_len": 102,
  "total_trades": 283,
  "won_trades": 95,
  "lost_trades": 180,
  "win_rate": 33.56890459363957,
  "gross_profit": 32478.25948931584,
  "net_profit": 27986.466318101327,
  "avg_return": 0.07324130195279364,
  "sqn": 0.9954500008559954,
  "calmar_ratio": 0.0,
  "annualized_return": 0.0,
  "starting_value": 100000.0,
  "ending_value": 134629.94573406276,
  "total_return": 34.62994573406276
}