{
  "n_train": 31684,
  "n_test": 2659,
  "accuracy": 0.6840917638209854,
  "weighted_f1": 0.7413753907147138,
  "macro_f1": 0.5532486858843578
}