{
  "n_train": 31684,
  "n_test": 2659,
  "accuracy": 0.6833396013538925,
  "weighted_f1": 0.7405323390138441,
  "macro_f1": 0.5490569762008347
}