{
  "classification_report": {
    "0": {
      "precision": 0.0,
      "recall": 0.0,
      "f1-score": 0.0,
      "support": 15.0
    },
    "1": {
      "precision": 0.0,
      "recall": 0.0,
      "f1-score": 0.0,
      "support": 36.0
    },
    "2": {
      "precision": 0.17857142857142858,
      "recall": 0.07692307692307693,
      "f1-score": 0.10752688172043011,
      "support": 65.0
    },
    "3": {
      "precision": 0.7133956386292835,
      "recall": 0.9703389830508474,
      "f1-score": 0.822262118491921,
      "support": 236.0
    },
    "accuracy": 0.6647727272727273,
    "macro avg": {
      "precision": 0.22299176680017802,
      "recall": 0.2618155149934811,
      "f1-score": 0.23244725005308778,
      "support": 352.0
    },
    "weighted avg": {
      "precision": 0.5112741862887891,
      "recall": 0.6647727272727273,
      "f1-score": 0.5711451911247765,
      "support": 352.0
    }
  },
  "confusion_matrix": [
    [
      0,
      0,
      6,
      9
    ],
    [
      0,
      0,
      11,
      25
    ],
    [
      1,
      1,
      5,
      58
    ],
    [
      0,
      1,
      6,
      229
    ]
  ],
  "test_samples": 352,
  "test_accuracy": 0.6647727272727273,
  "weighted_f1": 0.5711451911247765
}