{
  "n_train": 36819,
  "n_test": 111,
  "accuracy": 0.2972972972972973,
  "weighted_f1": 0.39418509418509423,
  "macro_f1": 0.27121212121212124
}