{
  "model_name": "m01_bench",
  "model_type": "regression",
  "created_at": "2026-01-31T01:02:14.664190",
  "feature_columns": [
    "alpha009",
    "alpha011",
    "alpha013",
    "alpha041",
    "alpha060",
    "alpha101",
    "nATR",
    "RS",
    "RS_Delta",
    "VCP_Ratio",
    "SMA_50_Slope",
    "Price_vs_SMA_50",
    "Price_vs_SMA_200",
    "Dry_Up_Volume",
    "Dist_From_20D_Low",
    "Dist_From_52W_High",
    "operating_margin",
    "eps_growth_yoy",
    "revenue_accel",
    "pe_ratio",
    "eps_accel"
  ],
  "validation_metrics": [
    {
      "test_year": 2021,
      "train_samples": 4168,
      "test_samples": 2863,
      "rmse": 1.013628388052648,
      "mae": 0.8199787824748392,
      "ic": 0.28865557805973857,
      "ic_pvalue": 4.5996600432182035e-56,
      "selection_edge": 0.5661636924953397,
      "top_decile_mean": 2.7264603534659475,
      "top2_edge": 0.4559827616811929,
      "top_decile_lift": 1.262076826171164,
      "precision_at_10": 0.5087108013937283,
      "recall_at_10_for_top5": 0.3333333333333333
    },
    {
      "test_year": 2022,
      "train_samples": 5809,
      "test_samples": 956,
      "rmse": 1.014749778911655,
      "mae": 0.8433033197538345,
      "ic": 0.3469834336535317,
      "ic_pvalue": 1.963919603008882e-28,
      "selection_edge": 0.9465780140974713,
      "top_decile_mean": 2.779567612775748,
      "top2_edge": 0.6040421733295296,
      "top_decile_lift": 1.5164121033638298,
      "precision_at_10": 0.6770833333333334,
      "recall_at_10_for_top5": 0.3958333333333333
    },
    {
      "test_year": 2023,
      "train_samples": 5259,
      "test_samples": 1850,
      "rmse": 1.0127408653450465,
      "mae": 0.8320973641479263,
      "ic": 0.3858647034540573,
      "ic_pvalue": 9.700724066927709e-67,
      "selection_edge": 0.842348463679131,
      "top_decile_mean": 2.9264974061276825,
      "top2_edge": 0.6512039968204126,
      "top_decile_lift": 1.4041690334710446,
      "precision_at_10": 0.572972972972973,
      "recall_at_10_for_top5": 0.3333333333333333
    },
    {
      "test_year": 2024,
      "train_samples": 5669,
      "test_samples": 2487,
      "rmse": 1.0330280749742262,
      "mae": 0.8547715590110702,
      "ic": 0.34884045940337444,
      "ic_pvalue": 4.39527114534123e-72,
      "selection_edge": 0.8857025995052896,
      "top_decile_mean": 3.0059277839058063,
      "top2_edge": 0.5935329157204876,
      "top_decile_lift": 1.4177398731143351,
      "precision_at_10": 0.5742971887550201,
      "recall_at_10_for_top5": 0.384
    },
    {
      "test_year": 2025,
      "train_samples": 5293,
      "test_samples": 2096,
      "rmse": 1.0118726199142531,
      "mae": 0.8412559679849752,
      "ic": 0.33593910076444833,
      "ic_pvalue": 1.8358644296455942e-56,
      "selection_edge": 0.8479179556511764,
      "top_decile_mean": 2.6482581029716195,
      "top2_edge": 0.6578481494246533,
      "top_decile_lift": 1.4709765301369215,
      "precision_at_10": 0.5571428571428572,
      "recall_at_10_for_top5": 0.4
    }
  ]
}