{
  "model_name": "M01_3bar_v2",
  "feature_version": "M01_3BAR_V2",
  "created_at": "2026-01-25T23:43:35.832557",
  "feature_columns": [
    "RS",
    "alpha011",
    "Dist_From_20D_Low",
    "Price_vs_SMA_200",
    "alpha054",
    "Vol_Ratio",
    "VCP_Ratio",
    "volume_acceleration",
    "rs_velocity",
    "RS_Delta",
    "price_momentum_curve",
    "breakout_momentum",
    "Dist_From_52W_High_Delta",
    "Dry_Up_Volume_Delta",
    "log_volume_velocity",
    "alpha046",
    "alpha051",
    "alpha101",
    "alpha009",
    "alpha013",
    "alpha006",
    "alpha001",
    "alpha015",
    "alpha002",
    "alpha004",
    "alpha012",
    "Dist_From_52W_High",
    "consolidation_duration",
    "Breakout",
    "Consolidation_Width_Delta",
    "Dist_From_20D_High",
    "Dist_From_52W_Low",
    "RSI_14_Delta",
    "RS_Lag1",
    "VCP_Ratio_Lag1",
    "Dist_From_20D_Low_Lag1",
    "Price_vs_SMA_200_Lag1",
    "Dist_From_52W_High_Lag1"
  ],
  "barrier_params": {
    "k_sl": 1.0,
    "k_tp": 4.0,
    "min_tp": 0.2,
    "max_time": 30,
    "horizon_days": 120
  },
  "validation_metrics": [
    {
      "fold": 1,
      "test_year": 2021,
      "train_samples": 4168,
      "test_samples": 2863,
      "accuracy": 0.7268599371288857,
      "precision": 0.1276849642004773,
      "recall": 0.6772151898734177,
      "auc": 0.7851844919160486,
      "top_decile_mean": 0.025168380810553198,
      "selection_edge": 0.019418934756755917
    },
    {
      "fold": 2,
      "test_year": 2022,
      "train_samples": 5809,
      "test_samples": 956,
      "accuracy": 0.7792887029288703,
      "precision": 0.0892018779342723,
      "recall": 0.5277777777777778,
      "auc": 0.7433876811594202,
      "top_decile_mean": -0.01933544278296112,
      "selection_edge": -0.006367906160963067
    },
    {
      "fold": 3,
      "test_year": 2023,
      "train_samples": 5259,
      "test_samples": 1850,
      "accuracy": 0.8513513513513513,
      "precision": 0.19932432432432431,
      "recall": 0.6082474226804123,
      "auc": 0.8324992207761658,
      "top_decile_mean": 0.03884531836757872,
      "selection_edge": 0.03269423361692678
    },
    {
      "fold": 4,
      "test_year": 2024,
      "train_samples": 5669,
      "test_samples": 2487,
      "accuracy": 0.8266988339364696,
      "precision": 0.16587677725118483,
      "recall": 0.4697986577181208,
      "auc": 0.7653360584679156,
      "top_decile_mean": 0.019529302415267624,
      "selection_edge": 0.012980144650140505
    },
    {
      "fold": 5,
      "test_year": 2025,
      "train_samples": 5293,
      "test_samples": 1102,
      "accuracy": 0.7477313974591652,
      "precision": 0.16558441558441558,
      "recall": 0.7083333333333334,
      "auc": 0.8135248112189859,
      "top_decile_mean": 0.04900860708525384,
      "selection_edge": 0.048567980124250267
    }
  ]
}