{
  "feature_names": [
    "Volume",
    "SMA_50",
    "Price_vs_SMA_50",
    "Price_vs_SMA_150",
    "Price_vs_SMA_200",
    "ATR",
    "Vol_Ratio",
    "nATR",
    "VCP_Ratio",
    "Consolidation_Width",
    "Dry_Up_Volume",
    "RSI_14",
    "RSI_Regime",
    "Dist_From_52W_High",
    "Is_Green_Day",
    "Green_Days_Ratio_20D",
    "SMA_50_Slope",
    "alpha001",
    "alpha006",
    "alpha009",
    "alpha012",
    "alpha101"
  ],
  "best_params": {
    "n_estimators": 400,
    "max_depth": 4,
    "learning_rate": 0.013229353526860414,
    "subsample": 0.6841201511817365,
    "colsample_bytree": 0.31484758634000193,
    "min_child_weight": 2.179863050769508,
    "gamma": 0.47555936097692153,
    "reg_alpha": 0.0615057980175103,
    "reg_lambda": 1.2017968473003633,
    "objective": "binary:logistic",
    "eval_metric": "logloss",
    "scale_pos_weight": 20.235515425131677,
    "seed": 42,
    "tree_method": "hist"
  },
  "pos_weight": 21.456474428726878,
  "max_depth_limit": 4,
  "precision_k_pct": 0.2,
  "training_date": "2025-12-03T02:16:56.569813",
  "num_features": 22,
  "best_iteration": 69
}