{
  "sharpe_ratio": 1.2841036383103708,
  "max_drawdown": 14.709637210769543,
  "max_drawdown_len": 88,
  "total_trades": 140,
  "won_trades": 55,
  "lost_trades": 80,
  "win_rate": 39.285714285714285,
  "gross_profit": 37176.38119732449,
  "net_profit": 34847.17211813906,
  "avg_return": 0.08501885134451621,
  "sqn": 1.3885926269086892,
  "calmar_ratio": 0.0,
  "annualized_return": 0.0,
  "starting_value": 100000.0,
  "ending_value": 141223.92093715613,
  "total_return": 41.22392093715613
}